Disease,Lifestyle_Recommendations,Environmental_Adjustments,Medical_and_Professional_Guidance,Additional_Tips_and_Resources
Migraine," Maintain a regular sleep schedule to support your body's natural rhythm, Stay hydrated and avoid skipping meals to maintain stable blood sugar levels, Incorporate regular exercise into your routine (be mindful of intensity), Manage stress through relaxation techniques (such as deep breathing or yoga), Limit caffeine intake and be mindful of food triggers (such as certain additives) "," Create a quiet and dark sleeping environment to minimize triggers, Manage lighting conditions and reduce exposure to bright or flickering lights, Regulate room temperature to avoid extreme conditions, Evaluate and minimize exposure to strong odors and irritating smells, Consider blue light filters for screens to reduce eye strain "," Consult with a neurologist for proper diagnosis and treatment, Identify and avoid potential triggers with the help of medical professionals, Follow prescribed medication routines as recommended by healthcare providers, Explore non-pharmacological interventions under medical supervision, Work with healthcare professionals to create a personalized treatment plan "," Explore mindfulness and relaxation techniques to manage stress, Keep a headache diary to track patterns and potential triggers, Join support groups to connect with others experiencing similar challenges, Educate family and friends about migraines to build a supportive network, Stay informed about advancements in migraine research and treatments."
Allergy," Manage exposure to known allergens, Keep windows closed during high pollen seasons, Use air purifiers in indoor spaces, Consult an allergist for proper diagnosis and treatment, Stay informed about pollen forecasts and air quality "," Maintain a clean living space, Wash bedding and curtains regularly, Avoid outdoor activities during peak pollen times, Carry necessary medications (e.g., epinephrine) if allergic to insect stings, Create a pollen-free zone in your home "," Visit an allergist for allergy testing, Develop an anaphylaxis action plan if allergic to food, Inquire about allergen immunotherapy (allergy shots), Be aware of cross-reactivity between allergens, Carry an allergy identification card "," Educate friends and family about your allergies, Join online communities for allergy support, Keep emergency contact information accessible, Be cautious with food labels and restaurant meals, Stay updated on allergy research and treatments."
Psoriasis," Maintain a moisturizing routine for the skin, Avoid harsh soaps and hot water during bathing, Manage stress through relaxation techniques, Adopt an anti-inflammatory diet, Stay hydrated to support skin health "," Use humidifiers to prevent dry skin, Choose clothing made from soft, breathable fabrics, Avoid exposure to extreme temperatures, Install UV lamps for phototherapy under medical supervision, Keep nails trimmed and avoid trauma to the skin "," Consult with a dermatologist for diagnosis and treatment options, Explore topical treatments and medications, Consider phototherapy sessions as prescribed, Discuss oral or injectable medications for severe cases, Join psoriasis support groups "," Educate friends and family about psoriasis, Be proactive in managing triggers and symptoms, Prioritize mental health and seek professional support if needed, Advocate for yourself in healthcare settings, Stay informed about advancements in psoriasis research and treatments."
Chickenpox," Maintain good personal hygiene, Get plenty of rest during the illness, Stay well-hydrated by drinking fluids, Avoid scratching the blisters to prevent scarring, Take over-the-counter medications for fever and discomfort "," Create a comfortable and cool environment, Keep fingernails short to reduce the risk of scratching, Use calamine lotion or cool compresses to soothe itching, Wash hands frequently to prevent the spread of the virus, Disinfect surfaces and objects regularly "," Consult with a healthcare professional for proper diagnosis, Follow prescribed antiviral medications, Monitor for complications, such as bacterial infections, Stay isolated until no longer contagious, Vaccinate against chickenpox if not previously infected "," Inform close contacts about the illness and potential exposure, Communicate with healthcare providers about symptoms and recovery, Follow quarantine guidelines, Stay informed about post-chickenpox complications, Seek medical attention for severe symptoms."
Acne," Keep the skin clean by washing gently with a mild cleanser, Avoid squeezing or picking at pimples, Use oil-free skincare products, Stay hydrated by drinking plenty of water, Maintain a balanced and healthy diet "," Manage stress through relaxation techniques, Avoid excessive sun exposure and use non-comedogenic sunscreen, Keep hair and hair products away from the face, Change pillowcases regularly, Consider using fragrance-free laundry detergents "," Consult with a dermatologist for personalized treatment plans, Use prescribed topical or oral medications, Follow a consistent skincare routine, Consider professional treatments like chemical peels or laser therapy "," Educate yourself about acne triggers and factors, Join online communities for support and advice, Be patient with the treatment process, Track skincare routines and product effectiveness, Stay informed about advancements in acne research and treatments."
Impetigo," Practice good hygiene by washing hands regularly, Avoid touching or scratching affected areas, Keep nails short and clean, Use a clean towel and washcloth daily, Avoid sharing personal items like towels or razors "," Keep the living environment clean and sanitized, Wash and disinfect clothing, linens, and toys regularly, Encourage good hygiene practices in shared spaces, Isolate infected individuals from others, Disinfect common surfaces frequently "," Consult with a healthcare professional for proper diagnosis and treatment, Use prescribed topical or oral antibiotics, Complete the full course of prescribed medications, Avoid spreading the infection to others, Monitor for signs of complications "," Educate family members, friends, and caregivers about impetigo, Follow proper wound care and hygiene practices, Keep affected areas covered with clean bandages, Seek medical attention for worsening symptoms, Stay informed about preventive measures and hygiene practices."
FungalInfection," Keep skin clean and dry, Avoid tight and restrictive clothing, Use antifungal powders or creams, Change socks and underwear regularly, Practice good personal hygiene "," Maintain a dry and well-ventilated living space, Avoid prolonged exposure to damp environments, Use clean and dry towels, sheets, and personal items, Treat fungal infections promptly to prevent spread "," Consult with a healthcare professional for accurate diagnosis and treatment, Use prescribed antifungal medications consistently, Follow recommended treatment duration, Address underlying health conditions contributing to fungal infections "," Be cautious in public places with shared surfaces (gyms, pools), Wear breathable fabrics and moisture-wicking clothing, Discourage sharing personal items, Educate others about the importance of fungal infection prevention."
Hypoglycemia," Eat regular, balanced meals and snacks, Monitor blood sugar levels regularly, Include complex carbohydrates in the diet, Limit sugary and high-glycemic foods, Stay hydrated "," Keep glucose tablets or snacks on hand, Inform close contacts about the condition, Wear a medical alert bracelet, Educate colleagues and friends about hypoglycemia symptoms "," Work with healthcare professionals to determine individual glucose targets, Adjust medication and insulin as needed, Learn to recognize and respond to symptoms promptly, Follow a customized meal plan "," Create an emergency action plan, Carry identification indicating hypoglycemia, Stay physically active within recommended limits, Join support groups for individuals with hypoglycemia, Stay informed about new developments in hypoglycemia management."
Diabetes," Maintain a well-balanced diet, Monitor blood sugar levels regularly, Engage in regular physical activity, Manage stress through relaxation techniques, Limit consumption of sugary and processed foods "," Ensure a safe and organized living environment, Keep diabetes supplies readily accessible, Use storage solutions for insulin and medications, Install proper lighting for glucose monitoring, Manage workplace stressors "," Follow prescribed medication and insulin routines, Attend regular check-ups with healthcare professionals, Learn to self-administer insulin if required, Participate in diabetes education programs, Keep emergency contacts updated "," Educate family and friends about diabetes, Join diabetes support groups, Monitor blood pressure and cholesterol levels, Plan meals in advance to maintain consistency, Stay informed about diabetes research and treatments."
Hypothyroidism," Ensure a well-balanced diet with adequate iodine, Exercise regularly to support metabolism, Manage stress through relaxation techniques, Get sufficient sleep, Limit consumption of goitrogenic foods "," Create a comfortable and temperature-regulated living space, Use a humidifier in dry environments, Regularly check for and address mold or allergens, Consider an air purifier, Ensure proper ventilation "," Take prescribed thyroid medication as directed, Attend regular thyroid function tests, Communicate any medication concerns with healthcare professionals, Explore alternative thyroid therapies under medical supervision, Maintain a record of symptoms and medication responses "," Educate yourself about hypothyroidism, Join thyroid support groups, Monitor cholesterol levels and heart health, Keep a symptom journal for healthcare discussions, Stay informed about thyroid-related research and treatments."
Hyperthyroidism," Maintain a well-balanced diet with iodine restriction, Practice stress-management techniques, Engage in moderate, regular exercise, Ensure adequate sleep, Limit caffeine and stimulant intake "," Create a calm and relaxing living environment, Regulate room temperature for comfort, Use blackout curtains for quality sleep, Manage exposure to loud noises and bright lights, Consider blue light filters for screens "," Follow prescribed medication regimen as directed, Attend regular thyroid function tests, Communicate any medication concerns with healthcare professionals, Explore radioiodine therapy or antithyroid drugs under medical supervision, Monitor and manage potential side effects "," Educate yourself about hyperthyroidism, Join thyroid support groups, Monitor heart health and blood pressure, Keep a symptom journal for healthcare discussions, Stay informed about hyperthyroidism research and treatments."
PepticUlcerDisease," Adopt a healthy and balanced diet, Avoid spicy and acidic foods, Manage stress through relaxation techniques, Quit smoking, Limit alcohol consumption "," Create a calm and stress-free living environment, Avoid exposure to secondhand smoke, Consider air purifiers for indoor air quality, Maintain proper hygiene to prevent infections "," Take prescribed medications as directed (antibiotics, proton pump inhibitors, etc.), Attend regular medical check-ups, Report any changes in symptoms promptly, Discuss potential side effects with healthcare professionals, Explore endoscopy for evaluation and treatment "," Educate yourself about peptic ulcer disease, Join support groups to connect with others, Keep a food diary to identify triggers, Learn about emergency measures for severe symptoms, Stay informed about advancements in ulcer treatments."
Jaundice," Maintain a well-balanced diet with emphasis on liver-friendly foods, Stay hydrated, Avoid alcohol consumption, Practice safe hygiene, Get adequate rest "," Ensure a clean and sanitary living environment, Prevent exposure to infectious agents, Use clean and safe drinking water, Minimize exposure to environmental toxins, Ensure proper waste disposal "," Seek medical attention for underlying causes (hepatitis, liver disease, etc.), Follow prescribed treatment plans, Attend regular check-ups, Monitor bilirubin levels, Consider vaccination for hepatitis "," Educate yourself about jaundice and its causes, Connect with support groups, Monitor changes in skin and eye color, Learn about emergency measures, Stay informed about liver health."
DimorphicHemorrhoids," Maintain a high-fiber diet to promote regular bowel movements, Stay hydrated to prevent constipation, Avoid prolonged sitting, Exercise regularly, Practice good anal hygiene "," Ensure clean and hygienic toilet facilities, Use soft and unscented toilet paper, Consider a bidet for gentle cleansing, Keep the anal area dry, Avoid irritants like perfumed soaps "," Consult with a healthcare professional for diagnosis and treatment options, Use over-the-counter creams or ointments for relief, Consider non-surgical procedures (sclerotherapy, rubber band ligation) "," Apply cold compresses to reduce swelling and discomfort, Use donut-shaped cushions for sitting, Maintain a healthy weight, Learn about preventive measures, Stay informed about hemorrhoid care."
Gastroenteritis," Stay hydrated with clear fluids, Consume bland and easily digestible foods, Get plenty of rest, Wash hands thoroughly and frequently, Practice good food safety "," Maintain cleanliness in living spaces, Disinfect commonly touched surfaces, Isolate personal items if someone is infected, Ensure safe water sources, Be cautious with food handling "," Consult with a healthcare professional for severe cases, Monitor for dehydration, Use over-the-counter medications cautiously, Follow prescribed antibiotics if bacterial "," Rest the digestive system by fasting briefly, Gradually reintroduce solid foods, Avoid dairy and fatty foods initially, Consider probiotics for gut health, Stay informed about vaccination options."
ChronicCholestasis," Maintain a balanced and healthy diet, Exercise regularly to support overall health, Manage stress through relaxation techniques, Limit alcohol intake, Monitor liver function through regular check-ups "," Ensure a clean and sanitary living environment, Avoid exposure to toxic substances, Minimize contact with potentially infected individuals, Implement proper waste disposal practices, Create a supportive and stress-free home environment "," Consult with a hepatologist for specialized care, Monitor liver function tests regularly, Follow prescribed medications and treatments, Consider lifestyle modifications to manage symptoms "," Educate yourself about chronic cholestasis, Connect with support groups, Stay informed about advancements in liver health, Seek emotional and mental well-being support, Stay compliant with medical recommendations."
HepatitisA," Practice good hygiene and handwashing, Receive the Hepatitis A vaccine, Avoid consumption of contaminated water or food, Practice safe sex, Be cautious when traveling to areas with a high prevalence of Hepatitis A "," Ensure safe and clean water sources, Maintain proper sanitation and waste disposal, Practice safe food handling and cooking, Avoid close contact with infected individuals, Be aware of potential sources of contamination "," Seek medical attention for symptoms or exposure, Get vaccinated for Hepatitis A, Follow prescribed medications if required, Monitor liver function through tests, Take precautions to prevent the spread of the virus "," Educate yourself and others about Hepatitis A, Support vaccination initiatives, Stay informed about travel advisories, Encourage good hygiene practices, Promote awareness in communities."
HepatitisB," Get vaccinated for Hepatitis B, Practice safe sex and use barrier methods, Avoid sharing needles or personal items, Choose reputable tattoo and piercing studios, Consider Hepatitis B antiviral medications in certain cases "," Ensure a safe and clean living environment, Use precautions in healthcare settings, Be cautious with personal items, Promote awareness to reduce stigma, Implement safe sex practices "," Consult with a hepatologist for personalized care, Monitor liver function regularly, Follow prescribed antiviral medications, Consider lifestyle changes to support liver health, Discuss vaccination for close contacts "," Join support groups for individuals with Hepatitis B, Advocate for vaccination, Educate yourself about the virus, Address mental health concerns, Stay informed about advancements in Hepatitis B treatments."
HepatitisC," Practice safe sex and use barrier methods, Avoid sharing needles or personal items, Choose reputable tattoo and piercing studios, Get tested for Hepatitis C, Consider antiviral medications for treatment "," Ensure a safe and clean living environment, Use precautions in healthcare settings, Be cautious with personal items, Promote awareness to reduce stigma, Implement safe sex practices "," Consult with a hepatologist for personalized care, Monitor liver function regularly, Follow prescribed antiviral medications, Consider lifestyle changes to support liver health, Discuss treatment options with a healthcare professional "," Join support groups for individuals with Hepatitis C, Advocate for testing and awareness, Educate yourself about the virus, Address mental health concerns, Stay informed about advancements in Hepatitis C treatments."
HepatitisD," Get vaccinated for Hepatitis B to prevent Hepatitis D, Practice safe sex and use barrier methods, Avoid sharing needles or personal items, Choose reputable tattoo and piercing studios, Consider Hepatitis B antiviral medications in certain cases "," Ensure a safe and clean living environment, Use precautions in healthcare settings, Be cautious with personal items, Promote awareness to reduce stigma, Implement safe sex practices "," Consult with a hepatologist for personalized care, Monitor liver function regularly, Follow prescribed antiviral medications, Consider lifestyle changes to support liver health, Discuss vaccination for close contacts "," Join support groups for individuals with Hepatitis D, Advocate for vaccination, Educate yourself about the virus, Address mental health concerns, Stay informed about advancements in Hepatitis D treatments."
AlcoholicHepatitis," Limit alcohol consumption or abstain completely, Maintain a well-balanced diet, Stay hydrated with water, Exercise regularly, Seek help for alcohol dependence "," Ensure a clean and supportive living environment, Avoid exposure to toxic substances, Minimize contact with potentially infected individuals, Create a stress-free home environment, Seek support for mental health "," Consult with a hepatologist for specialized care, Monitor liver function regularly, Follow prescribed medications and treatments, Consider lifestyle modifications to support liver health, Address alcohol dependence through counseling or rehabilitation "," Connect with support groups for individuals with alcoholic hepatitis, Seek emotional and mental well-being support, Stay compliant with medical recommendations, Educate yourself about the effects of alcohol on the liver, Encourage a supportive network for individuals struggling with alcohol dependence."
Malaria," Use bed nets treated with insecticide, Wear long-sleeved clothing, Use insect repellent, Take antimalarial medication as prescribed, Avoid outdoor activities during peak mosquito hours "," Eliminate standing water around the home, Use mosquito screens on windows and doors, Consider insecticide spraying, Choose accommodations with protective measures, Be aware of malaria risk in travel destinations "," Seek medical attention promptly for symptoms, Get vaccinated if available, Take antimalarial medications as prescribed, Follow preventive measures during travel, Discuss travel plans with a healthcare professional "," Educate yourself about malaria risk, Promote awareness of preventive measures, Support malaria research initiatives, Stay informed about travel advisories, Encourage community-based mosquito control."
Dengue," Use mosquito repellent, Wear long-sleeved clothing, Use bed nets, Eliminate mosquito breeding sites, Seek medical attention for symptoms "," Eliminate standing water around the home, Use mosquito screens on windows and doors, Consider insecticide spraying, Choose accommodations with protective measures, Be aware of dengue risk in travel destinations "," Seek medical attention promptly for symptoms, Follow healthcare provider recommendations, Take supportive measures for severe cases, Monitor for complications, Discuss travel plans with a healthcare professional "," Educate yourself about dengue prevention, Promote community efforts to eliminate breeding sites, Support dengue research initiatives, Raise awareness about symptoms, Encourage early medical intervention."
CervicalSpondylosis," Maintain good posture, Exercise regularly with a focus on neck and back strengthening, Take breaks during prolonged sitting, Use ergonomic furniture, Avoid excessive use of electronic devices "," Create an ergonomic workspace, Ensure proper lighting conditions, Use supportive pillows and mattresses, Implement workplace ergonomic measures, Be aware of environmental factors contributing to neck strain "," Consult with an orthopedic specialist, Follow prescribed exercises and physical therapy, Consider medications for pain management, Use neck braces or collars as advised, Explore non-invasive treatments "," Educate yourself about cervical spondylosis, Promote workplace ergonomics, Encourage regular physical activity, Connect with support groups, Stay informed about advancements in treatment options."
Paralysis(BrainHemorrhage)," Maintain a healthy lifestyle with a balanced diet and regular exercise, Monitor and manage blood pressure, Avoid smoking and excessive alcohol consumption, Manage stress through relaxation techniques "," Create a safe living environment to prevent falls and accidents, Install safety rails and supportive devices, Use non-slip mats, Eliminate tripping hazards, Implement measures for home accessibility "," Seek immediate medical attention for symptoms, Follow emergency medical protocols, Undergo diagnostic tests and imaging, Consult with neurologists and other specialists, Follow rehabilitation plans "," Connect with rehabilitation services, Join support groups for individuals with paralysis, Educate yourself about adaptive technologies, Promote awareness of stroke risk factors, Support research for stroke prevention and treatment."
AIDS," Practice safe sex, Use barrier methods, Get tested for HIV regularly, Avoid sharing needles or personal items, Consider pre-exposure prophylaxis (PrEP) "," Create a supportive and stigma-free living environment, Promote awareness to reduce HIV-related stigma, Ensure access to clean needles and safe injection practices, Support safe sex education initiatives "," Consult with infectious disease specialists, Follow prescribed antiretroviral therapy (ART), Monitor CD4 count and viral load, Get vaccinated for preventable infections, Receive regular medical check-ups "," Connect with support groups for individuals with HIV/AIDS, Advocate for HIV education and testing, Educate yourself about HIV transmission, Address mental health concerns, Stay informed about advancements in HIV/AIDS treatments."
ParoxysmalPositionalVertigo(PPV)," Avoid sudden head movements, Perform specific head and neck exercises as recommended, Be cautious while changing positions, Use supportive pillows during sleep, Limit caffeine and alcohol intake "," Be aware of environmental factors contributing to dizziness, Implement safety measures at home to prevent falls, Install handrails and grab bars in bathrooms, Use non-slip mats in the shower, Avoid prolonged positions that trigger symptoms "," Consult with an otolaryngologist for proper diagnosis, Undergo canalith repositioning maneuvers, Consider medications for symptom relief, Follow recommended exercises for vestibular rehabilitation "," Educate yourself about PPV triggers, Connect with support groups, Promote awareness of vestibular disorders, Encourage workplace accommodations, Stay informed about advancements in PPV treatments."
CommonCold," Wash hands frequently, Avoid close contact with sick individuals, Practice respiratory hygiene (cough and sneeze etiquette), Boost immune system through a balanced diet and regular exercise, Get vaccinated for influenza "," Maintain good indoor ventilation, Clean and disinfect commonly touched surfaces, Use air purifiers, Wear masks in crowded or enclosed spaces, Avoid touching face with unwashed hands "," Stay well-hydrated and get adequate rest, Use over-the-counter cold remedies as needed, Consult with healthcare providers for severe symptoms, Follow prescribed antiviral medications when applicable "," Educate yourself about cold prevention, Promote community hygiene practices, Support vaccination campaigns, Encourage proper nutrition and hydration, Stay informed about cold symptoms and treatments."
Typhoid," Practice good hygiene and sanitation, Wash hands thoroughly before eating, Avoid consuming raw or undercooked food, Drink clean and safe water, Get vaccinated for typhoid "," Ensure safe food handling and preparation, Maintain clean and sanitary living conditions, Use water purification methods, Be cautious while traveling to typhoid-endemic areas, Avoid sharing utensils and personal items "," Consult with healthcare providers for vaccination options, Seek medical attention for symptoms, Undergo diagnostic tests for confirmation, Follow prescribed antibiotic treatments "," Educate yourself about typhoid risks, Promote hygiene in communities, Support vaccination initiatives, Encourage safe food and water practices, Stay informed about typhoid symptoms."
VaricoseVeins," Maintain a healthy weight, Exercise regularly to improve circulation, Elevate legs when resting, Avoid prolonged sitting or standing, Wear compression stockings "," Create an ergonomic workspace to promote good posture, Take breaks during prolonged sitting, Avoid tight clothing, Use supportive footwear, Keep legs elevated while resting "," Consult with vascular specialists for evaluation, Consider minimally invasive treatments, Use compression therapy as recommended, Undergo sclerotherapy or laser therapy when applicable, Follow lifestyle recommendations for vein health "," Educate yourself about varicose vein prevention, Promote awareness of vein health, Encourage regular exercise, Support workplace initiatives for leg health, Stay informed about advancements in vein treatments."
BronchialAsthma," Identify and avoid triggers, Maintain a smoke-free environment, Use air purifiers, Manage indoor humidity levels, Get vaccinated for respiratory infections "," Implement measures to reduce indoor allergens, Keep living spaces clean and dust-free, Ensure proper ventilation, Avoid exposure to tobacco smoke, Use hypoallergenic bedding "," Consult with pulmonologists for proper diagnosis and treatment, Follow prescribed asthma medications, Use rescue inhalers as needed, Create and follow an asthma action plan, Undergo lung function tests "," Educate yourself about asthma triggers, Promote clean air initiatives, Support asthma education programs, Encourage outdoor activities in clean air, Stay informed about asthma management."
Pneumonia," Get vaccinated for pneumonia and influenza, Practice good hand hygiene, Avoid close contact with sick individuals, Quit smoking and avoid exposure to secondhand smoke, Maintain a healthy lifestyle "," Ensure proper indoor ventilation, Clean and disinfect commonly touched surfaces, Use air purifiers, Wear masks in crowded or enclosed spaces, Avoid close contact with individuals showing respiratory symptoms "," Seek medical attention promptly for symptoms, Undergo diagnostic tests for pneumonia, Follow prescribed antibiotic treatments, Get vaccinated if not already vaccinated "," Educate yourself about pneumonia prevention, Promote vaccination awareness, Encourage hygiene practices in communities, Support respiratory health initiatives, Stay informed about pneumonia symptoms and treatments."
Osteoarthritis(OA)," Maintain a healthy weight, Exercise regularly to strengthen muscles, Avoid repetitive joint stress, Use joint protection techniques, Get regular check-ups "," Ensure ergonomic workspaces, Use assistive devices if needed, Avoid excessive joint movements, Practice proper posture, Incorporate joint-friendly exercises "," Consult with rheumatologists for proper diagnosis and treatment, Follow prescribed medications, Consider physical therapy for joint function, Explore joint injections for pain relief, Use braces or orthopedic devices as recommended "," Educate yourself about OA risk factors, Promote joint health in communities, Encourage healthy lifestyle habits, Support arthritis awareness initiatives, Stay informed about OA treatments."
Arthritis," Exercise regularly to maintain joint flexibility, Adopt a balanced and anti-inflammatory diet, Manage stress through relaxation techniques, Maintain a healthy weight, Get regular check-ups "," Ensure proper joint protection in daily activities, Use adaptive tools and devices as needed, Create accessible and ergonomic living spaces, Practice good posture and body mechanics, Implement strategies to reduce joint strain "," Consult with rheumatologists for proper diagnosis and treatment, Follow prescribed medications, Consider physical and occupational therapy, Explore surgical options if necessary, Use assistive devices for mobility "," Educate yourself about arthritis prevention, Promote joint health awareness, Encourage physical activity in communities, Support arthritis research initiatives, Stay informed about arthritis treatments."
Tuberculosis(TB)," Maintain good respiratory hygiene, Cover mouth and nose when coughing or sneezing, Ventilate living spaces properly, Avoid close contact with individuals with TB, Get vaccinated if not already vaccinated "," Ensure proper ventilation in crowded or enclosed spaces, Use masks in healthcare settings, Follow infection control measures, Encourage early diagnosis and treatment, Implement contact tracing "," Seek medical attention for persistent cough or other TB symptoms, Undergo diagnostic tests for TB, Follow prescribed antibiotic treatments, Complete the full course of medications, Follow infection control guidelines "," Educate yourself about TB risks, Promote respiratory hygiene, Support TB screening initiatives, Encourage vaccination awareness, Stay informed about TB symptoms and treatments."
UrinaryTractInfection(UTI)," Stay well-hydrated, Practice good personal hygiene, Urinate regularly and completely, Wipe front to back after using the toilet, Empty the bladder before and after sexual activity "," Wear breathable underwear, Avoid using irritating feminine products, Change out of wet clothing promptly, Take showers instead of baths, Choose comfortable and breathable clothing "," Seek medical attention for UTI symptoms, Undergo diagnostic tests for UTI, Follow prescribed antibiotic treatments, Complete the full course of medications, Practice safe sex to reduce infection risk "," Educate yourself about UTI prevention, Promote good hygiene practices, Encourage hydration in communities, Support UTI awareness initiatives, Stay informed about UTI symptoms and treatments."